mutant,time,similarity_to_wt
T5V,0,0.9979139085983135
T5V,1,0.9973739603745015
T5V,2,0.99691528821003
T5V,3,0.9962866006070054
T5V,4,0.9959413090310093
T5V,5,0.9955658916289709
T5V,6,0.9951554871015259
T5V,7,0.9946793397881389
T5V,8,0.9940128275911908
T5V,9,0.9933632187379081
T5V,10,0.9928864398068957
T5V,11,0.9919791516080236
T5V,12,0.9915346532701843
T5V,13,0.9912296917681412
T5V,14,0.9910681494931548
T5V,15,0.9906633565924019
T5V,16,0.9904319933734477
T5V,17,0.989775909769684
T5V,18,0.9893868471870249
T5V,19,0.9884756684378032
T5V,20,0.9883044620657769
T5V,21,0.9874293785789431
T5V,22,0.9871976514890684
T5V,23,0.9863163447758079
T5V,24,0.9861181050306489
T5V,25,0.9856795249580532
T5V,26,0.984903519589071
T5V,27,0.984474760170953
T5V,28,0.9841078976605746
T5V,29,0.9836247708383027
T5V,30,0.9829649749917563
T5V,31,0.9827167437456257
T5V,32,0.9825975425718816
T5V,33,0.9821171512586803
T5V,34,0.9818245638941947
T5V,35,0.9807853076753413
T5V,36,0.9805237570812544
T5V,37,0.9802864631821498
T5V,38,0.9799559080407831
T5V,39,0.9797691159521797
T5V,40,0.9796041583657231
T5V,41,0.9786971415454735
T5V,42,0.9788410179869265
T5V,43,0.9784273193455673
T5V,44,0.9772754072935599
T5V,45,0.9765460384600159
T5V,46,0.9763016359845356
T5V,47,0.9757251009952573
T5V,48,0.9746143843801784
T5V,49,0.9736402813308229
T5V,50,0.9733493022779536
T5V,51,0.9719345023221685
T5V,52,0.9715413631901735
T5V,53,0.9712584818842079
T5V,54,0.9711750005716149
T5V,55,0.9702620626495166
T5V,56,0.9700125113887507
T5V,57,0.9693693879588282
T5V,58,0.9687106371484375
T5V,59,0.9680324528141777
T5V,60,0.9678970758909526
T5V,61,0.9670373660365366
T5V,62,0.9661771564546842
T5V,63,0.9655507995347645
T5V,64,0.964745143638555
T5V,65,0.9644924643034194
T5V,66,0.9646079755928982
T5V,67,0.9642028680101161
T5V,68,0.9632636759398394
T5V,69,0.9631424206592881
T5V,70,0.9626877174486046
T5V,71,0.9619987344411913
T5V,72,0.9609410029003511
T5V,73,0.9597237933730446
T5V,74,0.9596845444363703
T5V,75,0.9593316829269538
T5V,76,0.9591387584954861
T5V,77,0.9589126235828869
T5V,78,0.9586382809116162
T5V,79,0.9590956508555498
T5V,80,0.9588943504966148
T5V,81,0.9589409985056306
T5V,82,0.9588829151214413
T5V,83,0.9584931208057716
T5V,84,0.9569559885074077
T5V,85,0.957232074509062
T5V,86,0.9563402977731956
T5V,87,0.9560486127092812
T5V,88,0.9563797334700053
T5V,89,0.9553289975196163
T5V,90,0.9542550920146049
T5V,91,0.9535035928433814
T5V,92,0.9532238513813842
T5V,93,0.9535964792386227
T5V,94,0.952451799085894
T5V,95,0.9514542530970816
T5V,96,0.9502895027708838
T5V,97,0.9506190474944268
T5V,98,0.950412744345806
T5V,99,0.9507389433758422
T5V,100,0.9497642624963472
T5V,101,0.9486100404848411
T5V,102,0.9474031246915375
T5V,103,0.9461194639274256
T5V,104,0.945592662344879
T5V,105,0.944595328358014
T5V,106,0.944074595197792
T5V,107,0.9434985824841596
T5V,108,0.943897458577311
T5V,109,0.9437197017650089
T5V,110,0.9426821289177043
T5V,111,0.9423881796615412
T5V,112,0.9421686012830026
T5V,113,0.941044580375927
T5V,114,0.9405441987395953
T5V,115,0.9401070860709201
T5V,116,0.9401163902402196
T5V,117,0.9406366808854714
T5V,118,0.939831488413436
T5V,119,0.939390731952124
T5V,120,0.9388125045584916
T5V,121,0.9384439612015643
T5V,122,0.9378600619173951
T5V,123,0.9373915239222861
T5V,124,0.9373146446964126
T5V,125,0.9371387087342201
T5V,126,0.9363845529791492
T5V,127,0.9354005567815138
T5V,128,0.9352316842026488
T5V,129,0.9349616484969587
T5V,130,0.9343066438839719
T5V,131,0.9336949578136967
T5V,132,0.9338874188395463
T5V,133,0.9330837474110445
T5V,134,0.9327759056999675
T5V,135,0.9320432979983853
T5V,136,0.9313637555998684
T5V,137,0.9309446625107038
T5V,138,0.9306763193078386
T5V,139,0.9304884935162117
T5V,140,0.9307513552407365
T5V,141,0.9294315031963948
T5V,142,0.9282563341054679
T5V,143,0.9272498532871787
T5V,144,0.9263882119178641
T5V,145,0.9264692008428257
T5V,146,0.9260914387745222
T5V,147,0.9264817201558324
T5V,148,0.9259806365349652
T5V,149,0.9260274999325843
T5V,150,0.9252979188082177
T5V,151,0.9245119976063333
T5V,152,0.9237024001673547
T5V,153,0.9228091975137142
T5V,154,0.920675280554457
T5V,155,0.920590178165875
T5V,156,0.9208010071346414
T5V,157,0.9211465656821962
T5V,158,0.9207549642151909
T5V,159,0.9198182363011992
T5V,160,0.9199889023109172
T5V,161,0.9197832463759787
T5V,162,0.9198884286417853
T5V,163,0.91981395673326
T5V,164,0.9195797834871211
T5V,165,0.9194796911211502
T5V,166,0.9197843059644244
T5V,167,0.920960731173002
T5V,168,0.9200947546520892
T5V,169,0.9202324792006923
T5V,170,0.9198164511341392
T5V,171,0.9186192838984814
T5V,172,0.9180922549568867
T5V,173,0.9183172889552287
T5V,174,0.9185001198033677
T5V,175,0.9177853339098829
T5V,176,0.9184311867995134
T5V,177,0.9177752049107569
T5V,178,0.9184387488272786
T5V,179,0.9180079973957254
T5V,180,0.9172746913791993
T5V,181,0.9175044876323897
T5V,182,0.9170854630361283
T5V,183,0.9174311131676356
T5V,184,0.9168610948267583
T5V,185,0.9169449390220042
T5V,186,0.9163092218315438
T5V,187,0.9161201135588929
T5V,188,0.9157958279209805
T5V,189,0.9139560578120229
T5V,190,0.9123017095431629
T5V,191,0.9127570665302454
T5V,192,0.9124744186859756
T5V,193,0.9122372562422877
T5V,194,0.9116334463470583
T5V,195,0.9119330106017006
T5V,196,0.9112257383427919
T5V,197,0.9117481105056227
T5V,198,0.9109808242024207
T5V,199,0.9107384693267864
L12G,0,0.992142800390982
L12G,1,0.9917163332558852
L12G,2,0.9916271937654231
L12G,3,0.9911430054111151
L12G,4,0.9907778776588487
L12G,5,0.9903893447616376
L12G,6,0.9899737472188767
L12G,7,0.9895973522561132
L12G,8,0.988999965977
L12G,9,0.9888057576144526
L12G,10,0.9884954327463342
L12G,11,0.988007076577727
L12G,12,0.9881729712019973
L12G,13,0.9878638279018004
L12G,14,0.9877055960664336
L12G,15,0.9870024293318477
L12G,16,0.9869530621330527
L12G,17,0.9859234451430746
L12G,18,0.9857277630341521
L12G,19,0.9853298113487095
L12G,20,0.9849823170417974
L12G,21,0.9843856239366622
L12G,22,0.9838747902744862
L12G,23,0.984111689392911
L12G,24,0.9835692139843529
L12G,25,0.9832509672853522
L12G,26,0.9829544654844364
L12G,27,0.9818809990220895
L12G,28,0.9813193088594208
L12G,29,0.9806014857482548
L12G,30,0.980137489609714
L12G,31,0.9796585703793204
L12G,32,0.9799597497930219
L12G,33,0.9795252080215798
L12G,34,0.9792923683200787
L12G,35,0.9791631433973618
L12G,36,0.979161422239911
L12G,37,0.9781490315056038
L12G,38,0.9773252391378084
L12G,39,0.976934957191417
L12G,40,0.9757695258247123
L12G,41,0.9760229534295796
L12G,42,0.9753392873500717
L12G,43,0.9751068123223304
L12G,44,0.9752950232370663
L12G,45,0.9750496166931117
L12G,46,0.9741571792849543
L12G,47,0.9733825932524337
L12G,48,0.9723118406630356
L12G,49,0.9717114222862147
L12G,50,0.9711431824275973
L12G,51,0.9709253673847938
L12G,52,0.970673282963275
L12G,53,0.9703083316816944
L12G,54,0.9697735697491292
L12G,55,0.9684568776435644
L12G,56,0.9678008728972353
L12G,57,0.9676125005650535
L12G,58,0.9669182684913844
L12G,59,0.9674016996728759
L12G,60,0.9663846405582908
L12G,61,0.9662091056797876
L12G,62,0.9662649238745705
L12G,63,0.9656060567155088
L12G,64,0.9653042048125292
L12G,65,0.965411287069265
L12G,66,0.9650893274065504
L12G,67,0.9647795520392114
L12G,68,0.9643083057786563
L12G,69,0.9636591256214693
L12G,70,0.9635568801193994
L12G,71,0.9635138195269168
L12G,72,0.961970375982608
L12G,73,0.9621309059282839
L12G,74,0.9611972189337632
L12G,75,0.9613033672438233
L12G,76,0.9607122557110239
L12G,77,0.9599828537716038
L12G,78,0.9588113471234603
L12G,79,0.9574679560979877
L12G,80,0.9557953968463396
L12G,81,0.9554384989137532
L12G,82,0.9539142528316193
L12G,83,0.9540197631439277
L12G,84,0.953377306955456
L12G,85,0.9530818081646274
L12G,86,0.9528660736597043
L12G,87,0.9530928562184423
L12G,88,0.9532561779396311
L12G,89,0.9520902608277063
L12G,90,0.9506701396943049
L12G,91,0.9501508518513614
L12G,92,0.9491871761661226
L12G,93,0.9479985268291209
L12G,94,0.9477145852052945
L12G,95,0.9467154529515556
L12G,96,0.9461749256824526
L12G,97,0.9458118678168972
L12G,98,0.9445853049118397
L12G,99,0.9439142264177034
L12G,100,0.9441939664310168
L12G,101,0.9437865342663535
L12G,102,0.9434209846597578
L12G,103,0.9421521629053722
L12G,104,0.9417592661656715
L12G,105,0.9422001487773108
L12G,106,0.9406295426771825
L12G,107,0.9398195260078375
L12G,108,0.9388388786440045
L12G,109,0.9375533715710777
L12G,110,0.9362553333235462
L12G,111,0.9366641761440199
L12G,112,0.935827360095219
L12G,113,0.9358892430576518
L12G,114,0.9349129944009493
L12G,115,0.9346224632509725
L12G,116,0.9331380558703365
L12G,117,0.9327082246584338
L12G,118,0.932968612461651
L12G,119,0.9327952549186403
L12G,120,0.9326619805650925
L12G,121,0.9327773911348541
L12G,122,0.932499127198019
L12G,123,0.9305208578356303
L12G,124,0.9310773553080769
L12G,125,0.9316093571264441
L12G,126,0.9299514463413161
L12G,127,0.9299339491976173
L12G,128,0.9297453584652782
L12G,129,0.9294869233470845
L12G,130,0.9290864368500005
L12G,131,0.9274348072832915
L12G,132,0.9274180245644048
L12G,133,0.927160273373734
L12G,134,0.9268258392441673
L12G,135,0.9255021481165693
L12G,136,0.9252179913177606
L12G,137,0.9242857230043899
L12G,138,0.9237628732229829
L12G,139,0.9233136675093223
L12G,140,0.9233410783641202
L12G,141,0.9230993274398898
L12G,142,0.9225179665897634
L12G,143,0.9227447551108134
L12G,144,0.9229456748187693
L12G,145,0.9243803133921232
L12G,146,0.9243794668468602
L12G,147,0.9240157782876308
L12G,148,0.9228805097041096
L12G,149,0.9228795956716852
L12G,150,0.9235603746171869
L12G,151,0.9235900410972145
L12G,152,0.9232499219809341
L12G,153,0.9221340025439942
L12G,154,0.9224489423943241
L12G,155,0.922275872860252
L12G,156,0.9221229734201268
L12G,157,0.9216552341970271
L12G,158,0.9210450204634657
L12G,159,0.9198885027132594
L12G,160,0.9187624875007699
L12G,161,0.918068877816367
L12G,162,0.9174582188709688
L12G,163,0.9162243609483719
L12G,164,0.915075323016528
L12G,165,0.9146007184418037
L12G,166,0.9134530773373332
L12G,167,0.9126480139413484
L12G,168,0.9126783169904747
L12G,169,0.9115457741364168
L12G,170,0.9126323990706346
L12G,171,0.9122355090603923
L12G,172,0.911690560187722
L12G,173,0.911596331987594
L12G,174,0.9116672424345573
L12G,175,0.9107699896029595
L12G,176,0.9099212554451483
L12G,177,0.909175371454833
L12G,178,0.9077318284268061
L12G,179,0.9058009807594396
L12G,180,0.9047694533675057
L12G,181,0.9039737889690836
L12G,182,0.9029087115604862
L12G,183,0.9014792872073264
L12G,184,0.9015693684586219
L12G,185,0.9017552989033408
L12G,186,0.9005954976890798
L12G,187,0.9005523178671673
L12G,188,0.9004211718383107
L12G,189,0.8997621877761461
L12G,190,0.8998030277085636
L12G,191,0.9000714157951402
L12G,192,0.8992940561293383
L12G,193,0.8984429365478278
L12G,194,0.8971887325279146
L12G,195,0.8970987768424386
L12G,196,0.8960199909272332
L12G,197,0.8947472306711692
L12G,198,0.8943688402102512
L12G,199,0.8935143379160427
S18P,0,0.9959752898248436
S18P,1,0.9954219117385171
S18P,2,0.994535031131173
S18P,3,0.9939685744585782
S18P,4,0.9935696198863522
S18P,5,0.9933192261048156
S18P,6,0.9933064614112537
S18P,7,0.9930125518827976
S18P,8,0.9926036453359076
S18P,9,0.9918904903751522
S18P,10,0.9917349028638043
S18P,11,0.991366517217623
S18P,12,0.9909873062097887
S18P,13,0.9909470569752743
S18P,14,0.9904029341913033
S18P,15,0.9898324730675067
S18P,16,0.9897180925508304
S18P,17,0.9890698284593518
S18P,18,0.9884106045529657
S18P,19,0.9879720667495796
S18P,20,0.9877523969266915
S18P,21,0.9870831766989753
S18P,22,0.986596484937165
S18P,23,0.9860704404509203
S18P,24,0.985459208300341
S18P,25,0.9848731178157482
S18P,26,0.983885692051293
S18P,27,0.982865726686333
S18P,28,0.9823028841690928
S18P,29,0.9815313135494784
S18P,30,0.9813190760130053
S18P,31,0.9808352767088009
S18P,32,0.9808155351759964
S18P,33,0.9800843623554386
S18P,34,0.9794064252661809
S18P,35,0.9793016608358356
S18P,36,0.978742866362765
S18P,37,0.9788980860001005
S18P,38,0.9785117468682291
S18P,39,0.9782265252325537
S18P,40,0.9778580283129481
S18P,41,0.9774765646849202
S18P,42,0.9761491154579567
S18P,43,0.9760019424492136
S18P,44,0.9760268731031192
S18P,45,0.9757885798825602
S18P,46,0.9755666428970753
S18P,47,0.9754792201124873
S18P,48,0.9746355810252328
S18P,49,0.974229401306754
S18P,50,0.9733348018389084
S18P,51,0.9736626416823158
S18P,52,0.9731659930415082
S18P,53,0.9721644628364037
S18P,54,0.9715618788675083
S18P,55,0.9711466304151058
S18P,56,0.9713653109207834
S18P,57,0.9714183826097929
S18P,58,0.9713738731676098
S18P,59,0.970540089935213
S18P,60,0.9703841989197692
S18P,61,0.9695557901761334
S18P,62,0.9698181637772856
S18P,63,0.9690231803288831
S18P,64,0.9685023889697498
S18P,65,0.9678390373392797
S18P,66,0.9674229773186807
S18P,67,0.9675994287300235
S18P,68,0.9676217145206998
S18P,69,0.967720329158008
S18P,70,0.9670535654489751
S18P,71,0.9663299132628569
S18P,72,0.9657739207759272
S18P,73,0.9653153889342506
S18P,74,0.9648785932496535
S18P,75,0.9643636976136206
S18P,76,0.964030502406975
S18P,77,0.9636616969702818
S18P,78,0.9629932307457132
S18P,79,0.9630185864175674
S18P,80,0.9628101078539376
S18P,81,0.962422692415578
S18P,82,0.9615101452522765
S18P,83,0.9612986657108705
S18P,84,0.9602656568010491
S18P,85,0.9596348448818566
S18P,86,0.9590870042857107
S18P,87,0.9588631320817814
S18P,88,0.9590967177588758
S18P,89,0.9589730642503669
S18P,90,0.9590045010742146
S18P,91,0.9582991822737504
S18P,92,0.9574806762947605
S18P,93,0.9574431461858162
S18P,94,0.9564372459967556
S18P,95,0.9555800346785662
S18P,96,0.9547016620260892
S18P,97,0.954241445185433
S18P,98,0.9537409277901338
S18P,99,0.9538899470553154
S18P,100,0.9535266832020997
S18P,101,0.9534866518233371
S18P,102,0.952820033178377
S18P,103,0.9529235754845016
S18P,104,0.9532610983015566
S18P,105,0.9529516293206093
S18P,106,0.9527868131766876
S18P,107,0.9523967572233498
S18P,108,0.952284128819225
S18P,109,0.9521957296189877
S18P,110,0.9516366064289953
S18P,111,0.951299428525701
S18P,112,0.951185455715796
S18P,113,0.9508987844838226
S18P,114,0.9498204733184107
S18P,115,0.949332246734808
S18P,116,0.9486079690131235
S18P,117,0.9491957033422556
S18P,118,0.9493337039114043
S18P,119,0.94846250400149
S18P,120,0.9495667478650924
S18P,121,0.9489149558898018
S18P,122,0.9488150294786816
S18P,123,0.9491420183501293
S18P,124,0.948854240413578
S18P,125,0.9482396309728158
S18P,126,0.9479408842311569
S18P,127,0.9474370852620535
S18P,128,0.9463445610933051
S18P,129,0.944954895230319
S18P,130,0.9444215229415355
S18P,131,0.9439921885164413
S18P,132,0.9433061122934915
S18P,133,0.9441794344848233
S18P,134,0.9444080711920951
S18P,135,0.9443337801494008
S18P,136,0.9435553199552409
S18P,137,0.9434279957173433
S18P,138,0.9431728323653685
S18P,139,0.9419925964861002
S18P,140,0.9408104149209824
S18P,141,0.9394248913620562
S18P,142,0.9391008780787757
S18P,143,0.9375494292782967
S18P,144,0.9379636367760644
S18P,145,0.9374677284096844
S18P,146,0.9369394340200051
S18P,147,0.9376832668566051
S18P,148,0.9367834371864664
S18P,149,0.9357571282550835
S18P,150,0.9346900640331443
S18P,151,0.9334613480920738
S18P,152,0.9334816178679677
S18P,153,0.9328515985502952
S18P,154,0.9324340440617329
S18P,155,0.9319628862333558
S18P,156,0.9313261394370738
S18P,157,0.9308697927884204
S18P,158,0.9307723973015507
S18P,159,0.9313502986157375
S18P,160,0.9309354328598622
S18P,161,0.9308888969804867
S18P,162,0.9304647953491062
S18P,163,0.9301315849242863
S18P,164,0.9299329694172108
S18P,165,0.9308392739671437
S18P,166,0.9299407993592138
S18P,167,0.9294437284103085
S18P,168,0.9282624189381796
S18P,169,0.9286291473020556
S18P,170,0.9286627440882422
S18P,171,0.9288873457955614
S18P,172,0.9287072751466627
S18P,173,0.9283349990182453
S18P,174,0.9278556131851909
S18P,175,0.9278148454169651
S18P,176,0.9278060172055828
S18P,177,0.9276751846866196
S18P,178,0.9276436022926746
S18P,179,0.9270830528989253
S18P,180,0.926992338734456
S18P,181,0.9259603947402868
S18P,182,0.9251354971706086
S18P,183,0.9239105655105575
S18P,184,0.9234034842109449
S18P,185,0.9240454804012429
S18P,186,0.9228055496676325
S18P,187,0.9233955964953768
S18P,188,0.9241849857071989
S18P,189,0.9245011195266284
S18P,190,0.924347630740845
S18P,191,0.9229569400419881
S18P,192,0.922844824414172
S18P,193,0.9212409744760666
S18P,194,0.9195620422807315
S18P,195,0.9186020455691634
S18P,196,0.9184715894635379
S18P,197,0.9185635469804581
S18P,198,0.9186092335866822
S18P,199,0.9201622549139358
