mutant,time,pc1,pc2
T5V,0,0.3171211168346751,-0.1624366787158088
T5V,1,0.3118231574636978,-0.17333285971704349
T5V,2,0.327090066952166,-0.17125646229615155
T5V,3,0.3196353388398522,-0.18072818377194277
T5V,4,0.3224716819706296,-0.1775495681873005
T5V,5,0.32100887247438503,-0.1772587197282205
T5V,6,0.3183423504921107,-0.1860184870585775
T5V,7,0.32118427497300384,-0.18683686139773836
T5V,8,0.303279937726708,-0.19933435602964833
T5V,9,0.32226655599236637,-0.20025992588751784
T5V,10,0.31032689634758415,-0.1946399822406013
T5V,11,0.32664038549782126,-0.21614539382953724
T5V,12,0.3361041211163796,-0.21805708680004166
T5V,13,0.35448954603981186,-0.22138511412417328
T5V,14,0.34384456275170394,-0.2053215248067488
T5V,15,0.34515095000308316,-0.19312663730525803
T5V,16,0.36013057019066863,-0.17956381354311846
T5V,17,0.3626924875323079,-0.17503424968223058
T5V,18,0.3450539719422233,-0.18208418282862227
T5V,19,0.3451449982934708,-0.19538984126747538
T5V,20,0.3348489742031749,-0.18174059277472598
T5V,21,0.3339708363268128,-0.18707063121297884
T5V,22,0.36042279387491427,-0.1713857539343987
T5V,23,0.3691436676618908,-0.18004568567084778
T5V,24,0.35554264579624617,-0.18023089290571093
T5V,25,0.3316593650014395,-0.18525335731462633
T5V,26,0.3346739953495336,-0.18760804425546962
T5V,27,0.34115445956850876,-0.1786269991810241
T5V,28,0.3340265646492988,-0.19213450232155982
T5V,29,0.3446709767634659,-0.18485188057673485
T5V,30,0.3420941291736852,-0.18787402873182757
T5V,31,0.3470668627477143,-0.17576589107004537
T5V,32,0.3493919617025344,-0.1613712682874756
T5V,33,0.34196159150461203,-0.15744297300968735
T5V,34,0.33565097347278205,-0.15310024912894993
T5V,35,0.3432979167004273,-0.1634488191130179
T5V,36,0.34196318059812514,-0.1535732033743834
T5V,37,0.3355954056297896,-0.15083190656585976
T5V,38,0.3378179540931837,-0.16639691782171429
T5V,39,0.35257454156931756,-0.17344306792025233
T5V,40,0.3390901674723941,-0.17105813624716493
T5V,41,0.343624858138899,-0.16421145219475064
T5V,42,0.3267546871423538,-0.15126618920027413
T5V,43,0.3254316348223137,-0.13963297509616135
T5V,44,0.32990936482609046,-0.148898764975126
T5V,45,0.33818763656573086,-0.15969442107414
T5V,46,0.33842419624039577,-0.1580260337293159
T5V,47,0.3436159577465172,-0.15626376119332275
T5V,48,0.3439862811653804,-0.16474070274992336
T5V,49,0.34445278120249073,-0.17563014024329526
T5V,50,0.3480604139656057,-0.1806261311545304
T5V,51,0.3531516616496439,-0.19812770171692728
T5V,52,0.36464987311261454,-0.1929405274813395
T5V,53,0.3474604478777546,-0.19000374730196956
T5V,54,0.3442458219280799,-0.19211868237299312
T5V,55,0.3617889096340746,-0.1832842071612274
T5V,56,0.34566286643709865,-0.19580247871287082
T5V,57,0.33473415937965567,-0.20691871147999008
T5V,58,0.3341078169765962,-0.20986899401606562
T5V,59,0.3455668680390346,-0.22420479940434201
T5V,60,0.32225348794068576,-0.22510305264899266
T5V,61,0.31419352148257185,-0.23134211119946724
T5V,62,0.3215802217188351,-0.2404083159134499
T5V,63,0.3108098731010123,-0.2491448534590418
T5V,64,0.31560013053757974,-0.24774242671108537
T5V,65,0.3174371473771925,-0.28097964098644035
T5V,66,0.3077486750516913,-0.2790957962806979
T5V,67,0.28608580090151414,-0.2772765989293108
T5V,68,0.2810795700156958,-0.28288820400580383
T5V,69,0.28022225255016103,-0.2914070466004406
T5V,70,0.28431213416119194,-0.27600828374919584
T5V,71,0.3018822208267412,-0.27133250870057524
T5V,72,0.30862600059002415,-0.29799774584591787
T5V,73,0.29442714641343115,-0.29418531784066937
T5V,74,0.28695973252579443,-0.30411168883982853
T5V,75,0.27691893267565015,-0.29191227227640903
T5V,76,0.2690454973924786,-0.3078465997749581
T5V,77,0.27724926385679555,-0.3201133625231374
T5V,78,0.27642177650151817,-0.31836099629297254
T5V,79,0.2766269675304495,-0.3317960002641571
T5V,80,0.2766295108845844,-0.3278397317669389
T5V,81,0.2660200930543659,-0.322075879401557
T5V,82,0.2665657753521569,-0.31685187355533107
T5V,83,0.2629321841808033,-0.3213173656409911
T5V,84,0.2527910928734099,-0.3318182545004488
T5V,85,0.23962293626598113,-0.3292339028380925
T5V,86,0.227429423593701,-0.3235324726574388
T5V,87,0.2268555870772268,-0.3327202751732875
T5V,88,0.22794193423891634,-0.32400709036651787
T5V,89,0.22570583175900594,-0.33525559654833487
T5V,90,0.21880923395846713,-0.34144432742588926
T5V,91,0.21877578053213592,-0.33759649139229125
T5V,92,0.21754258983746116,-0.3385916220525632
T5V,93,0.21780058654431922,-0.3438335952349392
T5V,94,0.20963464336815762,-0.34658319763939915
T5V,95,0.21587515616352837,-0.3328211733830386
T5V,96,0.23268378682398244,-0.30504105012785754
T5V,97,0.2320328738430787,-0.279313052980421
T5V,98,0.2274250259156802,-0.2780533549005052
T5V,99,0.2292965378322444,-0.27289846163174203
T5V,100,0.23209824104723314,-0.2717687581543313
T5V,101,0.2218681548535711,-0.27230297002433124
T5V,102,0.22673635348348364,-0.2729949946142023
T5V,103,0.2296837311583006,-0.2775511274201401
T5V,104,0.23755881372438808,-0.28185396965857357
T5V,105,0.23555832546888833,-0.29992433564269794
T5V,106,0.24164228388542136,-0.2970734379757508
T5V,107,0.23088666032783578,-0.286065085640555
T5V,108,0.24115689116335204,-0.2996761778547896
T5V,109,0.2387731501869591,-0.3040962616044057
T5V,110,0.25275388400559545,-0.32293689261652037
T5V,111,0.24531934397798472,-0.31815045653679563
T5V,112,0.24881479593629113,-0.31028565292707133
T5V,113,0.2387692693248401,-0.31418717554145525
T5V,114,0.23326172542645124,-0.31424404534333783
T5V,115,0.23781209707960127,-0.3304464896297906
T5V,116,0.2456084811343487,-0.34884753066681584
T5V,117,0.23564139545317908,-0.3642241170814358
T5V,118,0.21222094744681097,-0.38837266495984873
T5V,119,0.22365329422714264,-0.4080556913146927
T5V,120,0.2153269491098928,-0.4175679809109201
T5V,121,0.22859749190464285,-0.4280604217947081
T5V,122,0.22661768058246012,-0.46689220136854526
T5V,123,0.22503000241672294,-0.47628032076712984
T5V,124,0.22267103335501476,-0.46713225475571085
T5V,125,0.21425907029819846,-0.4673246777114835
T5V,126,0.2030469647599572,-0.45983199982764444
T5V,127,0.1991155663424487,-0.4773906817717357
T5V,128,0.19561690364944373,-0.4733791353096899
T5V,129,0.17351971049942733,-0.4551120574067048
T5V,130,0.18940927377130223,-0.47403702847006385
T5V,131,0.17895238072073794,-0.4903498556517272
T5V,132,0.1735941920188444,-0.49882043710159124
T5V,133,0.16090447325829532,-0.5177227056592693
T5V,134,0.15670939485516588,-0.5230289037203839
T5V,135,0.15231480107804507,-0.5254821809918442
T5V,136,0.14038577157589305,-0.520266802855836
T5V,137,0.1551503914120096,-0.5210110596484517
T5V,138,0.1388745438139627,-0.5220827288265898
T5V,139,0.14616715980775258,-0.5133730836982762
T5V,140,0.12772889575304702,-0.5110992635129863
T5V,141,0.13207191584618277,-0.5162724431239964
T5V,142,0.13141377546549776,-0.5255568811870845
T5V,143,0.14456343937990435,-0.5255812865345484
T5V,144,0.15715822811321256,-0.5135427391382932
T5V,145,0.15075327266552507,-0.5221754311357771
T5V,146,0.15488060984154622,-0.5304532373568894
T5V,147,0.153718560419967,-0.5230821987124759
T5V,148,0.14742262956424396,-0.5325385076633067
T5V,149,0.1555978232769365,-0.5356405036169705
T5V,150,0.15954792830323977,-0.5598945299410969
T5V,151,0.15136843757670526,-0.5670763272910089
T5V,152,0.13646450167830287,-0.5696746846432327
T5V,153,0.1522230211685383,-0.5680643700455648
T5V,154,0.1416016203920918,-0.5834127717699179
T5V,155,0.1351586148790393,-0.5780080395526552
T5V,156,0.10446216469961328,-0.564293481848609
T5V,157,0.09136352088070765,-0.5882402450648924
T5V,158,0.09250233899299903,-0.5953394974322418
T5V,159,0.10481164205841698,-0.6053136185439624
T5V,160,0.11037569047746965,-0.6061475941793839
T5V,161,0.11727805445211703,-0.6067353811208087
T5V,162,0.12887120271401065,-0.6199891413434293
T5V,163,0.11533559628570672,-0.622723664237018
T5V,164,0.11787798989849974,-0.6264465505764693
T5V,165,0.1322177055129889,-0.6469977127701225
T5V,166,0.13931099053007878,-0.6500680722021688
T5V,167,0.15713689253289398,-0.652317640889559
T5V,168,0.14603569316673287,-0.6507437401256013
T5V,169,0.15720688384857573,-0.6450490707932026
T5V,170,0.15440863101795183,-0.6426931646331645
T5V,171,0.1630611034194786,-0.6465252900266238
T5V,172,0.1670647249510615,-0.6438782561849488
T5V,173,0.17850555145926783,-0.6392995331307653
T5V,174,0.1701643727458088,-0.6482322599572172
T5V,175,0.1842389199652641,-0.6454654659717958
T5V,176,0.17486138183735822,-0.6394357236371266
T5V,177,0.17878085159627,-0.6539505620391961
T5V,178,0.2029771664547791,-0.6374583497281272
T5V,179,0.21242450300247162,-0.6465298836267374
T5V,180,0.20329368682447935,-0.6539964882785935
T5V,181,0.19352459924563775,-0.6389128732034981
T5V,182,0.18908422129556784,-0.6427830185766069
T5V,183,0.19684147973006905,-0.6271444009661342
T5V,184,0.18773103882896702,-0.6331053798826536
T5V,185,0.18332731991116025,-0.6352656778675363
T5V,186,0.18961363333097742,-0.6403647051714199
T5V,187,0.20067940501887288,-0.6552093259814613
T5V,188,0.19888294145274127,-0.6505094107081495
T5V,189,0.18704691899027298,-0.6559319504643277
T5V,190,0.1876135710834263,-0.6643009616330191
T5V,191,0.19319541364737602,-0.6626096414268767
T5V,192,0.1898313758474433,-0.6541104022634672
T5V,193,0.19211080346381004,-0.6493466726380637
T5V,194,0.18031826454836097,-0.6409220749923621
T5V,195,0.19280715949284394,-0.6320469228601724
T5V,196,0.19099597620733832,-0.6331166056260293
T5V,197,0.19355396946110004,-0.6313971243068895
T5V,198,0.19648325020159196,-0.6235135210561036
T5V,199,0.19008107298209492,-0.6145912275584136
L12G,0,-0.444574151703933,-0.19085861300636398
L12G,1,-0.43171516416718625,-0.18702787043832125
L12G,2,-0.42032926219066546,-0.18248263851235857
L12G,3,-0.4233375523223678,-0.1541336469974831
L12G,4,-0.4196847132940118,-0.16430404412851762
L12G,5,-0.42069988293787486,-0.17507374450408997
L12G,6,-0.41836092950474457,-0.17936213173544635
L12G,7,-0.4152046949288589,-0.18581213353725623
L12G,8,-0.422482028222557,-0.18593808751088425
L12G,9,-0.41402583979765706,-0.17851769590099253
L12G,10,-0.4067966488673287,-0.17891818655920833
L12G,11,-0.41541546519459027,-0.17657699326036425
L12G,12,-0.4074579591825882,-0.18245417240030004
L12G,13,-0.4008534168812079,-0.19748472170178022
L12G,14,-0.3790156747633199,-0.19897715052383724
L12G,15,-0.3851634375310353,-0.19860776768129473
L12G,16,-0.3780654692092903,-0.18312726571932703
L12G,17,-0.3916633696697638,-0.18996952161056557
L12G,18,-0.3856571575458768,-0.18942635291328913
L12G,19,-0.38079913549892497,-0.20578950004242824
L12G,20,-0.38668806240888565,-0.20569572547872206
L12G,21,-0.39907472186070936,-0.20129738952661236
L12G,22,-0.3973897259211274,-0.19116006294450738
L12G,23,-0.39856994387003986,-0.18511000935914768
L12G,24,-0.40526797103308965,-0.18733755679908792
L12G,25,-0.42222551971079003,-0.18446693727752217
L12G,26,-0.42440419916005134,-0.1964066891844639
L12G,27,-0.44390607855962294,-0.207095029679902
L12G,28,-0.45704770399260597,-0.21087848140890142
L12G,29,-0.46813730422480815,-0.21901709248715595
L12G,30,-0.4818592159075523,-0.2419996625510119
L12G,31,-0.48622043285196903,-0.2455187615360962
L12G,32,-0.4754471054128897,-0.24626538001380416
L12G,33,-0.4510887872974929,-0.25611732038903057
L12G,34,-0.45293766146221415,-0.25506940185468174
L12G,35,-0.446416979076547,-0.2711240286753318
L12G,36,-0.4391009192316332,-0.26068417993076853
L12G,37,-0.4393999440634836,-0.24466583576769474
L12G,38,-0.44253036087013353,-0.2544914599264063
L12G,39,-0.4387280092740006,-0.2684232427381924
L12G,40,-0.44387945602564616,-0.2768112978604216
L12G,41,-0.4442698490419955,-0.27567345791203535
L12G,42,-0.4598229766741646,-0.27786285813468536
L12G,43,-0.45461658548035877,-0.2797084191281761
L12G,44,-0.45865829485030896,-0.27495279807139617
L12G,45,-0.43673429909556605,-0.28759648675839433
L12G,46,-0.4549580694791753,-0.28568489028492927
L12G,47,-0.45573225163427733,-0.3004601480852316
L12G,48,-0.46163370837412365,-0.30087378911508433
L12G,49,-0.4717621932488776,-0.2915723467361878
L12G,50,-0.473170668493186,-0.2904086261220471
L12G,51,-0.4690716046516572,-0.27073546584311525
L12G,52,-0.4672851755723264,-0.2753518800984679
L12G,53,-0.47901649077223385,-0.26637380235229957
L12G,54,-0.477541211812494,-0.2409661728260326
L12G,55,-0.49193019066710675,-0.25329982852681376
L12G,56,-0.502503081259573,-0.23529954896775584
L12G,57,-0.5066477930686659,-0.23402337429697306
L12G,58,-0.5177461427966954,-0.2346501783591003
L12G,59,-0.5038077123129607,-0.2270737369518283
L12G,60,-0.5062472989777267,-0.2213783693574305
L12G,61,-0.4962952341847904,-0.23354994696258746
L12G,62,-0.4925596144298705,-0.21996608992695332
L12G,63,-0.46901903166114156,-0.23067112750882102
L12G,64,-0.47929435998901804,-0.2251973387300873
L12G,65,-0.4743151386420428,-0.2247942086637026
L12G,66,-0.46769548798810134,-0.24180766577443213
L12G,67,-0.46973645304042533,-0.23268998174891642
L12G,68,-0.47076121421922545,-0.23862219677417051
L12G,69,-0.4792093384348939,-0.2228041335341957
L12G,70,-0.47430659613477544,-0.21065991521220306
L12G,71,-0.46191350103343154,-0.2086386069000885
L12G,72,-0.4751655949564877,-0.21006167448380342
L12G,73,-0.46697149559701956,-0.2111100032226887
L12G,74,-0.48793435714491373,-0.2102646919785668
L12G,75,-0.4875452074982589,-0.2047044494574103
L12G,76,-0.4942992938742097,-0.2053932730953416
L12G,77,-0.5191695051235856,-0.2202254182911384
L12G,78,-0.5213864693555539,-0.23268248009856607
L12G,79,-0.5187725673418861,-0.24732884474263195
L12G,80,-0.5243466275071011,-0.25298390277198024
L12G,81,-0.5244506360284307,-0.240874438610734
L12G,82,-0.53089883824849,-0.25696984606802786
L12G,83,-0.5383997408920149,-0.26783088405264655
L12G,84,-0.5232791678456352,-0.2812931182346716
L12G,85,-0.5278454822925764,-0.29145881711457733
L12G,86,-0.5218030403445724,-0.29013979029001113
L12G,87,-0.5127331900031697,-0.2918986390901829
L12G,88,-0.5107987273639791,-0.3072104573470297
L12G,89,-0.5174098727906997,-0.3256919856942929
L12G,90,-0.524373287794601,-0.31927208946957186
L12G,91,-0.5332790502950586,-0.32107298081115343
L12G,92,-0.5438170768222799,-0.3183843193075564
L12G,93,-0.5286415952170302,-0.3283252163568239
L12G,94,-0.514117301211231,-0.35656630911981935
L12G,95,-0.504589496976263,-0.3534577534791098
L12G,96,-0.5012269019047539,-0.3705007138121896
L12G,97,-0.5115706918647314,-0.37605372788706193
L12G,98,-0.5199522153503662,-0.4005120364850514
L12G,99,-0.5206688098477763,-0.41642797263264403
L12G,100,-0.5044707834054583,-0.39715250674600555
L12G,101,-0.49752770524152345,-0.37026217561731833
L12G,102,-0.4987754756749383,-0.36348784071807355
L12G,103,-0.5035453830823169,-0.35155151754327285
L12G,104,-0.5052923195803123,-0.33877588180098434
L12G,105,-0.5168017857644593,-0.3483456416256297
L12G,106,-0.525637269553505,-0.3505807313974282
L12G,107,-0.5208713383926125,-0.36981110770724057
L12G,108,-0.533540609123659,-0.381054166877601
L12G,109,-0.5099419753601351,-0.3877175818164221
L12G,110,-0.511046127381056,-0.38986645240906015
L12G,111,-0.49673487939056327,-0.3933292872918616
L12G,112,-0.5178222591163701,-0.3852063811158462
L12G,113,-0.5225473142320269,-0.3997569788438832
L12G,114,-0.5216540558850571,-0.40477573947318557
L12G,115,-0.5262608201385628,-0.4049154986224171
L12G,116,-0.5333534667096369,-0.4037697255470866
L12G,117,-0.5271869748081772,-0.40022745939577026
L12G,118,-0.5203742674306484,-0.4007830779869626
L12G,119,-0.5346232267871236,-0.4077416780473757
L12G,120,-0.5380506920538426,-0.41962137063678107
L12G,121,-0.5393157999566511,-0.40585991302389435
L12G,122,-0.5413712122953849,-0.4073740856942291
L12G,123,-0.5583503273825117,-0.3930718036065882
L12G,124,-0.5608088534202471,-0.39176379097609343
L12G,125,-0.5501723792951034,-0.38840504723922586
L12G,126,-0.5679861194569815,-0.38050441687678666
L12G,127,-0.5604345669882855,-0.3910998609840742
L12G,128,-0.5623583197180169,-0.37747608823267553
L12G,129,-0.5635860421702257,-0.3835023340474754
L12G,130,-0.5664830858424723,-0.36855339018458977
L12G,131,-0.5663995240970208,-0.3694611648715943
L12G,132,-0.5795477636273538,-0.3537270842579039
L12G,133,-0.5831701955754904,-0.35838165795190774
L12G,134,-0.5811826892535239,-0.36437184866343675
L12G,135,-0.587900934358895,-0.37163250291302685
L12G,136,-0.5807851589175299,-0.37307042039510613
L12G,137,-0.5835652056747926,-0.3733920887340207
L12G,138,-0.6024418529954296,-0.3773869803769352
L12G,139,-0.6050907092628957,-0.381611964588578
L12G,140,-0.6059485068728319,-0.3894975605642267
L12G,141,-0.6163817785982519,-0.38997848638077187
L12G,142,-0.6321140470577411,-0.39938239376657286
L12G,143,-0.6272377510448486,-0.405379349931521
L12G,144,-0.619946658647033,-0.3932393253853264
L12G,145,-0.5974625915901635,-0.38131239039493464
L12G,146,-0.5837949460592078,-0.385634075036287
L12G,147,-0.5809941063435544,-0.38593441169678444
L12G,148,-0.5821435263062396,-0.38325343598004225
L12G,149,-0.5809051888938881,-0.3840311919745802
L12G,150,-0.5708669363069812,-0.3798814800209298
L12G,151,-0.5747700464589651,-0.376558625405209
L12G,152,-0.5653134948803509,-0.3876543811719664
L12G,153,-0.5796254879893423,-0.38481450096490694
L12G,154,-0.5810192446255069,-0.37367297758259366
L12G,155,-0.5874666341400809,-0.38573229276168364
L12G,156,-0.5838325788425001,-0.38634544785006003
L12G,157,-0.5820911677906249,-0.39018800528391295
L12G,158,-0.5808633776448775,-0.3959063612176493
L12G,159,-0.579144275264952,-0.41152454174354036
L12G,160,-0.5654926491560377,-0.4183082158397774
L12G,161,-0.5637122224331814,-0.4005953073996939
L12G,162,-0.5673366413676255,-0.41060340486667596
L12G,163,-0.5646903822343434,-0.3947984075684562
L12G,164,-0.5819973909179279,-0.39502079194686207
L12G,165,-0.5926895522778397,-0.397551348671784
L12G,166,-0.5805214507502523,-0.40404812808585816
L12G,167,-0.5929405887148642,-0.4226690282110793
L12G,168,-0.608613152150647,-0.42056364471155266
L12G,169,-0.6136802507954233,-0.41679842571307424
L12G,170,-0.6178446538022582,-0.40035993604453646
L12G,171,-0.614888094055241,-0.4181328234779554
L12G,172,-0.6070256010556623,-0.4286593190632495
L12G,173,-0.6074431239136562,-0.4290764585626124
L12G,174,-0.599430100231211,-0.43277072215041007
L12G,175,-0.6102500036026712,-0.4348290380358426
L12G,176,-0.6088499123316344,-0.4329148969206512
L12G,177,-0.6086958828884428,-0.442114623219673
L12G,178,-0.6001801741649928,-0.452711058186658
L12G,179,-0.601725048711782,-0.46636665528797994
L12G,180,-0.6221238797492814,-0.4855513418765715
L12G,181,-0.6123885330932128,-0.4861956176405074
L12G,182,-0.6341435299254945,-0.4846353039770511
L12G,183,-0.6186383380717273,-0.4766346634023799
L12G,184,-0.6206243825752591,-0.47715577936749853
L12G,185,-0.6207013572351499,-0.47155590709703576
L12G,186,-0.635640731394671,-0.46547581898047397
L12G,187,-0.6215841359030327,-0.47217168385683317
L12G,188,-0.6229021156740404,-0.4638168692688319
L12G,189,-0.6207382149608098,-0.466549026014141
L12G,190,-0.6267471271001905,-0.47339207917128334
L12G,191,-0.6158178758908515,-0.4542192225271806
L12G,192,-0.5948646732158294,-0.4699373344578814
L12G,193,-0.591577171843042,-0.46714469690746024
L12G,194,-0.6152731260466286,-0.45782194502778084
L12G,195,-0.6216579997952039,-0.46543119933764393
L12G,196,-0.6147762251803006,-0.47640086195087666
L12G,197,-0.6099179389849918,-0.4667585495425868
L12G,198,-0.5914446476461408,-0.4732907736536271
L12G,199,-0.5791025336131679,-0.4639880794288017
S18P,0,-0.10740312770955296,0.34418664333034477
S18P,1,-0.1004380184462409,0.36512456921335346
S18P,2,-0.112240851247564,0.40130084138514854
S18P,3,-0.1162207002210568,0.4055341026760465
S18P,4,-0.11995214648412811,0.40832648929414106
S18P,5,-0.1188794392371818,0.3966736879791116
S18P,6,-0.10750494315284176,0.39249482327935714
S18P,7,-0.09371154861292552,0.3779905774376807
S18P,8,-0.08425059859944062,0.37688972154024414
S18P,9,-0.07360808980074096,0.37966457434186107
S18P,10,-0.07215298776390133,0.3777928830167335
S18P,11,-0.07558705391900866,0.3693776461393433
S18P,12,-0.07069307755744236,0.37843619282834007
S18P,13,-0.061807117243874776,0.3727738653146718
S18P,14,-0.07938232929894029,0.3698839793167811
S18P,15,-0.07664514792272381,0.3720302030051933
S18P,16,-0.08113785270447182,0.37013704451542073
S18P,17,-0.09236704119449113,0.36670191824748877
S18P,18,-0.08960028657781471,0.3758192817731473
S18P,19,-0.07668546842083002,0.40420143125619934
S18P,20,-0.08218738117940105,0.40792530710677866
S18P,21,-0.08508635671723774,0.41791033755484885
S18P,22,-0.08403308333754633,0.41827669429941905
S18P,23,-0.09261164782216458,0.43282806571530086
S18P,24,-0.09486050408432034,0.4461548620400607
S18P,25,-0.10391651810751767,0.4552262537624453
S18P,26,-0.12785392458335154,0.4697831854168125
S18P,27,-0.12907429084549948,0.4850204442880578
S18P,28,-0.12569180854362172,0.4944022279886956
S18P,29,-0.13974327251258156,0.4958578811687212
S18P,30,-0.14164429311460458,0.4872871346184494
S18P,31,-0.15084772851935546,0.4827578707691812
S18P,32,-0.16370905216682974,0.4816062096886319
S18P,33,-0.1514783821758663,0.5005668131045297
S18P,34,-0.16562773304161227,0.5086075407523624
S18P,35,-0.16130549780252956,0.5246451727092366
S18P,36,-0.16992924714283608,0.5100581075486698
S18P,37,-0.16969781683173613,0.5158732152446658
S18P,38,-0.17567850477908942,0.49822429515487465
S18P,39,-0.19302487247424982,0.5069850270061224
S18P,40,-0.19102433402575836,0.49662532525885117
S18P,41,-0.1967804785950703,0.49651172618948214
S18P,42,-0.20390839447083797,0.505011663608882
S18P,43,-0.19581077337978603,0.5178380081006907
S18P,44,-0.166697872303613,0.5145907864928322
S18P,45,-0.1723033300910788,0.5132769127482119
S18P,46,-0.1839321674650607,0.5197425006009774
S18P,47,-0.16911084690972955,0.5105459352761094
S18P,48,-0.1754067628866146,0.5189136761734271
S18P,49,-0.1847292990392364,0.511942692961819
S18P,50,-0.18822249029720306,0.5128217979747703
S18P,51,-0.174137896562504,0.4861261370269919
S18P,52,-0.16819119125665494,0.48590221011289236
S18P,53,-0.18723100790406633,0.486573087452436
S18P,54,-0.1877572452163061,0.4848878233303079
S18P,55,-0.19772974817192357,0.512981013877387
S18P,56,-0.20743308979748132,0.49064776524167997
S18P,57,-0.20566958192290097,0.4740375561640854
S18P,58,-0.20434049388485842,0.46832542338609395
S18P,59,-0.22421554657729648,0.4693059210458629
S18P,60,-0.22086905046657257,0.47486184681300936
S18P,61,-0.22284141312284034,0.4721878192275565
S18P,62,-0.21293787011296428,0.4936279689941109
S18P,63,-0.2212371209962285,0.5045753368220943
S18P,64,-0.24640925298889604,0.49678075824192736
S18P,65,-0.2543945484344253,0.4854194099613639
S18P,66,-0.2587070847023458,0.49518793178617593
S18P,67,-0.23796517299951492,0.49117995210314025
S18P,68,-0.2598749363028703,0.4871086845650622
S18P,69,-0.27817050231597784,0.4798848969816557
S18P,70,-0.2928762048636,0.4784596541775342
S18P,71,-0.29257122513622535,0.46290951730995433
S18P,72,-0.29424664790803934,0.4676616526624112
S18P,73,-0.30155266142356507,0.4527257559017773
S18P,74,-0.30636043706835214,0.4796304145025717
S18P,75,-0.3072764981717717,0.4884814894743307
S18P,76,-0.3169735350456079,0.48587209233985196
S18P,77,-0.29974763626396006,0.4950505413971614
S18P,78,-0.2945563599937383,0.4807761275769552
S18P,79,-0.29338629466769794,0.4620433873465005
S18P,80,-0.27668896148275324,0.45682228695301486
S18P,81,-0.28522298408167346,0.45740989234978746
S18P,82,-0.2838387802072837,0.4671714031415436
S18P,83,-0.2837437380747224,0.48498249240029934
S18P,84,-0.3035156519955353,0.4783612508220435
S18P,85,-0.30454915081789624,0.46044752541899936
S18P,86,-0.30552665925186395,0.46190696305770274
S18P,87,-0.29779422847327863,0.4632096231019355
S18P,88,-0.29815497562183046,0.45452078448501176
S18P,89,-0.3145988407623823,0.4550723101575723
S18P,90,-0.3090028953110636,0.4531500113808432
S18P,91,-0.30649676686750627,0.46761063869460695
S18P,92,-0.30248854931104197,0.4729348113074555
S18P,93,-0.30818553189642883,0.47892946384831736
S18P,94,-0.29227613362486027,0.48792004338483197
S18P,95,-0.29785797434467753,0.4991711423718336
S18P,96,-0.29407856267531696,0.49562519185159626
S18P,97,-0.31674718306784655,0.5000628934664672
S18P,98,-0.3277273179219832,0.4725514769674354
S18P,99,-0.3354981191468368,0.4665775030188236
S18P,100,-0.34553125018744546,0.45284791640303423
S18P,101,-0.33264698223422984,0.45454750771745356
S18P,102,-0.33001961391063506,0.4409282446785644
S18P,103,-0.3374748693985221,0.42046516298123227
S18P,104,-0.3387694120404522,0.4248270370918493
S18P,105,-0.3427760434658266,0.41290555711077015
S18P,106,-0.33442363272318787,0.4252837136201105
S18P,107,-0.32455904543501224,0.4249249683936399
S18P,108,-0.34015577975029565,0.42163097003156047
S18P,109,-0.3370165995930531,0.4202459838066227
S18P,110,-0.32937914263998136,0.4082403731412009
S18P,111,-0.3406641712942715,0.39858706585000203
S18P,112,-0.3508339720121565,0.4019214102891445
S18P,113,-0.33024673169127317,0.40372037716469855
S18P,114,-0.34685997056410267,0.4024597909116002
S18P,115,-0.3680155175666685,0.41591113049061124
S18P,116,-0.3724255606532597,0.4294540809883939
S18P,117,-0.3727777805312795,0.43920351072964847
S18P,118,-0.39142132242208505,0.4433136983839442
S18P,119,-0.40831577209059466,0.4486783993082727
S18P,120,-0.38809941478070875,0.4396375081386005
S18P,121,-0.39350744726620435,0.43768135074662295
S18P,122,-0.3832205519147175,0.43290573397385457
S18P,123,-0.3930993855077666,0.42077523281867235
S18P,124,-0.4045587927055032,0.436030096620433
S18P,125,-0.39964816917807866,0.43195648058615876
S18P,126,-0.38677311409969983,0.43002082435006217
S18P,127,-0.3940244933423599,0.43683927868870154
S18P,128,-0.3956713235275907,0.4398042373517078
S18P,129,-0.3980151750086105,0.4443720247964186
S18P,130,-0.40398343528210356,0.45055238968099165
S18P,131,-0.404954156635133,0.43451942571836566
S18P,132,-0.4151497106782205,0.4103722607940633
S18P,133,-0.4240376593053964,0.4021480888893846
S18P,134,-0.4320817951471878,0.4036691796828399
S18P,135,-0.4120962011158398,0.40936842897051384
S18P,136,-0.4060297150709352,0.41201719199099174
S18P,137,-0.41052720065190074,0.41269997605543185
S18P,138,-0.40625651127675944,0.4194856046300347
S18P,139,-0.4136859679962659,0.4065075417091676
S18P,140,-0.4155332136095733,0.4175662883104815
S18P,141,-0.4192844750250999,0.4190301896938423
S18P,142,-0.3962139543209059,0.39927518572096277
S18P,143,-0.40728990754180516,0.3929631030535684
S18P,144,-0.3983547668956946,0.38061809329904606
S18P,145,-0.4047953660483269,0.3720750734310275
S18P,146,-0.41215411381599554,0.3654397610429282
S18P,147,-0.4192763832519857,0.3595794354012011
S18P,148,-0.4105005516384751,0.351909427831668
S18P,149,-0.41243180983383787,0.3425166834237331
S18P,150,-0.42402814405534206,0.3258515783921846
S18P,151,-0.43578219120834505,0.3448922783308156
S18P,152,-0.432973496791096,0.3523776780574951
S18P,153,-0.43475817798754535,0.3540846827281955
S18P,154,-0.4462866645689404,0.35272341685001407
S18P,155,-0.43676888069905717,0.3467431506775219
S18P,156,-0.4296076384210812,0.34549404845685683
S18P,157,-0.4422588687121646,0.34408948998299993
S18P,158,-0.43925713092337537,0.34256672087184514
S18P,159,-0.4269098199435446,0.34320638480597065
S18P,160,-0.4289223653740142,0.3434987650369915
S18P,161,-0.4291728982532982,0.34353678117908026
S18P,162,-0.43258146895171323,0.34814896319131294
S18P,163,-0.4153746584451191,0.3554751257471326
S18P,164,-0.40492181562648943,0.3540613171562851
S18P,165,-0.39200431311464023,0.3539301470102244
S18P,166,-0.395538216179142,0.3547663787150398
S18P,167,-0.4045560798978377,0.35216154891762697
S18P,168,-0.4025059879593492,0.3472686288868897
S18P,169,-0.4087457354687204,0.3714161381975344
S18P,170,-0.40080091692953146,0.35341360004987854
S18P,171,-0.3887196737193922,0.35789459572485105
S18P,172,-0.3743247137840753,0.37272864406698225
S18P,173,-0.3881514498651326,0.3711728907924988
S18P,174,-0.3901323125121674,0.35923072179093907
S18P,175,-0.3861985746598049,0.3603683582522049
S18P,176,-0.37323039713010653,0.379371682416746
S18P,177,-0.3805443104656726,0.37732831544650824
S18P,178,-0.39107571415348785,0.3811770913321645
S18P,179,-0.3912391954235024,0.4000744819808718
S18P,180,-0.3847949700603379,0.3768193457834256
S18P,181,-0.4024043193478717,0.3845493645527539
S18P,182,-0.3978709992865863,0.3711834250852434
S18P,183,-0.3999935527813444,0.38525176997457977
S18P,184,-0.40772409621981887,0.3935830795479608
S18P,185,-0.4007912276743856,0.4024510040503876
S18P,186,-0.38115891799248713,0.41620361819682505
S18P,187,-0.37256166928772116,0.43379329003696376
S18P,188,-0.37343929914299223,0.41877642474532284
S18P,189,-0.3919319606276044,0.4152641529919908
S18P,190,-0.3925924930862045,0.41096442450989545
S18P,191,-0.38844958907161553,0.42478643957259143
S18P,192,-0.3880771722773768,0.4227365433504905
S18P,193,-0.401166983866318,0.427359016198562
S18P,194,-0.40556204673070706,0.450930820478309
S18P,195,-0.4047235363450298,0.4485324945103989
S18P,196,-0.39673480083239687,0.4565350914572709
S18P,197,-0.3922009542467769,0.462055399193701
S18P,198,-0.3928837775840076,0.45533744968157486
S18P,199,-0.39523032730952823,0.45226905478306956
